EPIC (Component)	Status	Sprint	Title	URL	Issue Type	Effort Remaining	Time Spent	Effort Planned	Priority	Milestones	Feature
👥 Community & Social	In Progress		🛠️ Build Community Platform Backend with Posts and Social Features	https://github.com/sixfeetup/sfu-demo-project/issues/18	Task	1				🌳 Phase 2	
👥 Community & Social	In Progress		🛠️ Build Community Feed and Social Interaction React Components	https://github.com/sixfeetup/sfu-demo-project/issues/19	Task	2				🌳 Phase 2	
🔔 Notifications & Alerts	In Progress		🛠️ Implement Push Notification Backend and Alert Management System	https://github.com/sixfeetup/sfu-demo-project/issues/20	Task	3				🌳 Phase 2	
🔔 Notifications & Alerts	In Progress		🛠️ Build Notification Management React Interface and Settings	https://github.com/sixfeetup/sfu-demo-project/issues/21	Task					🌳 Phase 2	
📈 Growth Documentation	Ready to Start		🛠️ Build Photo Timeline and Growth Journal React Components	https://github.com/sixfeetup/sfu-demo-project/issues/15	Task					🪴 Phase 1	
📈 Growth Documentation	Ready to Start		🛠️ Implement Photo Timeline and Growth Journal Backend	https://github.com/sixfeetup/sfu-demo-project/issues/14	Task					🪴 Phase 1	
🌱 Core Plant Management	Ready to Start		🛠️ Build Plant Care Tips React Interface with Search and Bookmarks	https://github.com/sixfeetup/sfu-demo-project/issues/13	Task					🪴 Phase 1	
🌱 Core Plant Management	Ready to Start		🛠️ Create Plant Care Tips Content Management System	https://github.com/sixfeetup/sfu-demo-project/issues/12	Task					🪴 Phase 1	
📈 Growth Documentation	Ready to Start		🛠️ Create Plant Health Monitoring and Diagnostic Backend System	https://github.com/sixfeetup/sfu-demo-project/issues/16	Task					🪴 Phase 1	
📈 Growth Documentation	Ready to Start		🛠️ Build Plant Health Monitoring React Interface and Diagnostic Tools	https://github.com/sixfeetup/sfu-demo-project/issues/17						🪴 Phase 1	
🌱 Core Plant Management	Needs Analysis		🛠️ Build Plant Registration React Components and Forms	https://github.com/sixfeetup/sfu-demo-project/issues/9	Task					🪴 Phase 1	
🌱 Core Plant Management	Needs Analysis		🛠️ Implement Plant Registration Django Models and API	https://github.com/sixfeetup/sfu-demo-project/issues/8	Task					🪴 Phase 1	
🌱 Core Plant Management	Needs Analysis		🛠️ Build Watering Schedule React Interface and Reminder Management	https://github.com/sixfeetup/sfu-demo-project/issues/11	Task					🪴 Phase 1	
🌱 Core Plant Management	Needs Analysis		🛠️ Implement Watering Schedule Django Models and Reminder System	https://github.com/sixfeetup/sfu-demo-project/issues/10	Task					🪴 Phase 1	
🌱 Core Plant Management	Needs Analysis		✨ Plant Care Tips and Guidance	https://github.com/sixfeetup/sfu-demo-project/issues/3	User Story				Minor	🪴 Phase 1	
🌱 Core Plant Management	Needs Analysis		✨ Watering Schedule and Reminders	https://github.com/sixfeetup/sfu-demo-project/issues/2	User Story				Major	🪴 Phase 1	
🌱 Core Plant Management	Needs Analysis		✨ Plant Registration and Profile Creation	https://github.com/sixfeetup/sfu-demo-project/issues/1	User Story				Critical	🪴 Phase 1	
📈 Growth Documentation	Needs Analysis		✨ Plant Health Monitoring and Issue Detection	https://github.com/sixfeetup/sfu-demo-project/issues/5	User Story				Critical	🪴 Phase 1	
📈 Growth Documentation	Needs Analysis		✨ Photo Tracking and Plant Growth Journal	https://github.com/sixfeetup/sfu-demo-project/issues/4	User Story				Major	🪴 Phase 1	
👥 Community & Social	Needs Analysis		✨ Community Features and Plant Sharing	https://github.com/sixfeetup/sfu-demo-project/issues/6	User Story				Major	🌳 Phase 2	
🔔 Notifications & Alerts	Needs Analysis		✨ Mobile Notifications and Alerts System	https://github.com/sixfeetup/sfu-demo-project/issues/7	User Story				Major	🌳 Phase 2	
